repo,commit_sha,commit_date,health_file
Ghost,7f1baa3ae913cee1b182834d7adc7301c81e36d7,2025-06-16,README.md
Ghost,a3528cc9299024cfcbbe24754ac00bd096daf1e6,2025-06-16,README.md
Ghost,4a5ae5018da09ee0dc48d1909cb9531dbea2380a,2025-04-25,.github/CONTRIBUTING.md
Ghost,9f7a0c919184f73a45bde5757ad25399f019e5d8,2025-03-27,.github/PULL_REQUEST_TEMPLATE.md
Ghost,130b92f3153a5d617c27156571d1b2f3ea107cd5,2025-03-27,.github/CONTRIBUTING.md
Ghost,130b92f3153a5d617c27156571d1b2f3ea107cd5,2025-03-27,.github/PULL_REQUEST_TEMPLATE.md
Ghost,943c393542b9952bb623459aa312489af537729d,2025-01-06,LICENSE
Ghost,943c393542b9952bb623459aa312489af537729d,2025-01-06,README.md
Ghost,1bfe788689b1fc5c4f4da3f8a802070c57c77512,2024-10-04,.github/CONTRIBUTING.md
Ghost,48516e3ec534558ad603ff7158292e5710838b8d,2024-07-04,LICENSE
Ghost,48516e3ec534558ad603ff7158292e5710838b8d,2024-07-04,README.md
Ghost,91bd4c5e70aedbfe44d7f23dbf4f69ea918227f1,2024-07-04,README.md
Ghost,9f0b7b9d84f6a116bfe66ee83ad5f904782b6732,2024-07-04,README.md
Ghost,d83c833808d2ec9964a92521e8a084773142d12f,2024-04-16,README.md
Ghost,b1666f596f943503491390854ceea4b375b86850,2023-11-20,.github/PULL_REQUEST_TEMPLATE.md
Ghost,b63c992f732ad44ce5086b1cfa569fbc5b3d2657,2023-10-24,README.md
Ghost,67b6d7cd1560fb147f78791585f2b4cc0ff87b94,2023-10-18,.github/CODE_OF_CONDUCT.md
Ghost,88954f7318ee631d4e751c890bc9c49ad7f05c5b,2023-07-04,README.md
Ghost,47b76925a0d62955b26cc200d3595e0499bbfa5c,2023-06-28,README.md
Ghost,e30a386e67339843ff332c4b1dcd04521c26b458,2023-04-10,.github/PULL_REQUEST_TEMPLATE.md
Ghost,aaaedbf71522efbbb79dccd38519053f570661a6,2023-04-07,.github/PULL_REQUEST_TEMPLATE.md
Ghost,5536d0ae9ea41b78da56bb95f2b8873d7b7bd22e,2023-04-05,.github/PULL_REQUEST_TEMPLATE.md
Ghost,52aadd41341aade8f4596b734eb3cc6c21e96ad0,2023-04-05,.github/PULL_REQUEST_TEMPLATE.md
Ghost,a36ac44c5ac1d9a60c4e681c92ea3fecf927f081,2023-03-30,LICENSE
Ghost,3d1db7c15d8be25d9f0de77384366099e0fc868a,2023-03-30,README.md
Ghost,0452d35360da19fc028516fc51eab58df8fa33a5,2022-11-17,README.md
Ghost,9fc44fa0b9b5d7fefd0bdf634a2f198f316233a1,2022-10-13,README.md
Ghost,31235dcd04f714ec908c414e3808ac6379f36723,2022-10-13,.github/CONTRIBUTING.md
Ghost,51066438717507e74acb72593bff36c6f39be5fb,2022-10-04,README.md
Ghost,0b41fbf102a77893667d265478a150753ae5c004,2022-09-30,.github/PULL_REQUEST_TEMPLATE.md
Ghost,0b41fbf102a77893667d265478a150753ae5c004,2022-09-30,README.md
Ghost,a3abb60395ef179bd432cc9fec3713315c5a1bad,2022-09-06,README.md
Ghost,6d6fd15e8786efcea03c4103aa39b1c44d218d5e,2022-08-05,.github/CONTRIBUTING.md
Ghost,211239f645831c5552cbc60dc26bd391aa932ef9,2022-05-23,README.md
Ghost,8ec8a21b71810e7d9d4472414a5ebf9396626e14,2022-05-17,README.md
Ghost,9263712d9d48c0e6069c24b7ab46f72beb44de99,2022-03-11,README.md
Ghost,b3a42e92df37a510d65106d7e135c3d44deef81f,2022-03-11,README.md
Ghost,e34d44d52b4ab5011232921d6bf40606edfb3cf9,2022-02-03,README.md
Ghost,b004f5a705e45caf2de48b385c8ee1cb38b1382c,2022-01-20,.github/PULL_REQUEST_TEMPLATE.md
Ghost,f841c5a6e41126d7763019d0f375d7efa99966e5,2022-01-05,LICENSE
Ghost,f841c5a6e41126d7763019d0f375d7efa99966e5,2022-01-05,README.md
Ghost,a1ebdc8330c7469b3059b1e03e4009778fede59f,2021-11-04,.github/PULL_REQUEST_TEMPLATE.md
Ghost,91b1e87ad8f2609c08b0d26a6dd2c99421ee2e60,2021-10-04,README.md
Ghost,7ac87651703f3d13a98cab77230cf4061c262e12,2021-08-04,README.md
Ghost,cc736a3eef30e2c034aeb7535c897c08f5af0161,2021-04-20,.github/CONTRIBUTING.md
Ghost,4b0a990a759ef7c190945834ccd6e9cdfc4836d2,2021-03-25,.github/CONTRIBUTING.md
Ghost,170e168543f690df3b2c02b0f62d3097cefeb69c,2021-02-03,README.md
Ghost,31f8156676c98f60dc868970b3abeb42dd09f838,2021-01-25,LICENSE
Ghost,31f8156676c98f60dc868970b3abeb42dd09f838,2021-01-25,README.md
Ghost,8e4d58ddfee4f520eed185f283ddee064066ed4b,2021-01-19,README.md
Ghost,8e4d58ddfee4f520eed185f283ddee064066ed4b,2021-01-19,SECURITY.md
Ghost,230f1358cbb306dd096220d85ad38251d8e9da45,2020-10-04,README.md
Ghost,8784769f6094e7fcde3779fe34c8c9676d5b3169,2020-08-31,README.md
Ghost,221f8c4a865c9bcae10f39ed5c92acf19c6bac27,2020-08-03,.github/CONTRIBUTING.md
Ghost,d9da01ea85129ea6c1eb15eab5064eb05a18fd3d,2020-07-29,README.md
Ghost,71e16bc6d29b37cfcdb80d2d59d6d1912aa4891d,2020-07-28,README.md
Ghost,cd2c710c9f0673e275542281cdef1fcb462870ac,2020-07-28,README.md
Ghost,8bb529fa0b5992391046a6fd63c56d27bf492fba,2020-07-02,README.md
Ghost,c75783401fc024748bfceff903462e664f5bafe1,2020-07-02,README.md
Ghost,538a263272d780ac17f66a9191f89e41542a04ec,2020-07-02,README.md
